producer,producerStageOrder,consumer,consumerStageOrder,producerStorageType,producerTasksPerNode,consumerStorageType,consumerTasksPerNode,SPM,estT_prod,estT_cons
stage_in-openmm,0.5,openmm,1.0,tmpfs,1,tmpfs,12,0.0205514274656858,0.0,0.0205514274656858
stage_in-openmm,0.5,openmm,1.0,tmpfs,3,tmpfs,12,0.0205514274656858,0.0,0.0205514274656858
stage_in-openmm,0.5,openmm,1.0,tmpfs,6,tmpfs,12,0.0205514274656858,0.0,0.0205514274656858
stage_in-openmm,0.5,openmm,1.0,tmpfs,12,tmpfs,12,0.0205514274656858,0.0,0.0205514274656858
stage_in-openmm,0.5,openmm,1.0,tmpfs,13,tmpfs,12,0.0205514274656858,0.0,0.0205514274656858
stage_in-openmm,0.5,openmm,1.0,tmpfs,16,tmpfs,12,0.0205514274656858,0.0,0.0205514274656858
stage_in-openmm,0.5,openmm,1.0,tmpfs,24,tmpfs,12,0.0205514274656858,0.0,0.0205514274656858
stage_in-openmm,0.5,openmm,1.0,tmpfs,34,tmpfs,12,0.0205514274656858,0.0,0.0205514274656858
stage_in-openmm,0.5,openmm,1.0,tmpfs,1,tmpfs,3,0.028637874175403887,0.0,0.028637874175403887
stage_in-openmm,0.5,openmm,1.0,tmpfs,3,tmpfs,3,0.028637874175403887,0.0,0.028637874175403887
stage_in-openmm,0.5,openmm,1.0,tmpfs,6,tmpfs,3,0.028637874175403887,0.0,0.028637874175403887
stage_in-openmm,0.5,openmm,1.0,tmpfs,12,tmpfs,3,0.028637874175403887,0.0,0.028637874175403887
stage_in-openmm,0.5,openmm,1.0,tmpfs,13,tmpfs,3,0.028637874175403887,0.0,0.028637874175403887
stage_in-openmm,0.5,openmm,1.0,tmpfs,16,tmpfs,3,0.028637874175403887,0.0,0.028637874175403887
stage_in-openmm,0.5,openmm,1.0,tmpfs,24,tmpfs,3,0.028637874175403887,0.0,0.028637874175403887
stage_in-openmm,0.5,openmm,1.0,tmpfs,34,tmpfs,3,0.028637874175403887,0.0,0.028637874175403887
stage_in-openmm,0.5,openmm,1.0,tmpfs,1,tmpfs,6,0.031212107298225024,0.0,0.031212107298225024
stage_in-openmm,0.5,openmm,1.0,tmpfs,3,tmpfs,6,0.031212107298225024,0.0,0.031212107298225024
stage_in-openmm,0.5,openmm,1.0,tmpfs,6,tmpfs,6,0.031212107298225024,0.0,0.031212107298225024
stage_in-openmm,0.5,openmm,1.0,tmpfs,12,tmpfs,6,0.031212107298225024,0.0,0.031212107298225024
stage_in-openmm,0.5,openmm,1.0,tmpfs,13,tmpfs,6,0.031212107298225024,0.0,0.031212107298225024
stage_in-openmm,0.5,openmm,1.0,tmpfs,16,tmpfs,6,0.031212107298225024,0.0,0.031212107298225024
stage_in-openmm,0.5,openmm,1.0,tmpfs,24,tmpfs,6,0.031212107298225024,0.0,0.031212107298225024
stage_in-openmm,0.5,openmm,1.0,tmpfs,34,tmpfs,6,0.031212107298225024,0.0,0.031212107298225024
stage_in-openmm,0.5,openmm,1.0,beegfs,1,beegfs,3,0.11784343201734168,0.0,0.11784343201734168
stage_in-openmm,0.5,openmm,1.0,beegfs,3,beegfs,3,0.11784343201734168,0.0,0.11784343201734168
stage_in-openmm,0.5,openmm,1.0,beegfs,6,beegfs,3,0.11784343201734168,0.0,0.11784343201734168
stage_in-openmm,0.5,openmm,1.0,beegfs,12,beegfs,3,0.11784343201734168,0.0,0.11784343201734168
stage_in-openmm,0.5,openmm,1.0,beegfs,13,beegfs,3,0.11784343201734168,0.0,0.11784343201734168
stage_in-openmm,0.5,openmm,1.0,beegfs,16,beegfs,3,0.11784343201734168,0.0,0.11784343201734168
stage_in-openmm,0.5,openmm,1.0,beegfs,24,beegfs,3,0.11784343201734168,0.0,0.11784343201734168
stage_in-openmm,0.5,openmm,1.0,beegfs,34,beegfs,3,0.11784343201734168,0.0,0.11784343201734168
stage_in-openmm,0.5,openmm,1.0,beegfs,1,beegfs,6,0.16128563509871888,0.0,0.16128563509871888
stage_in-openmm,0.5,openmm,1.0,beegfs,3,beegfs,6,0.16128563509871888,0.0,0.16128563509871888
stage_in-openmm,0.5,openmm,1.0,beegfs,6,beegfs,6,0.16128563509871888,0.0,0.16128563509871888
stage_in-openmm,0.5,openmm,1.0,beegfs,12,beegfs,6,0.16128563509871888,0.0,0.16128563509871888
stage_in-openmm,0.5,openmm,1.0,beegfs,13,beegfs,6,0.16128563509871888,0.0,0.16128563509871888
stage_in-openmm,0.5,openmm,1.0,beegfs,16,beegfs,6,0.16128563509871888,0.0,0.16128563509871888
stage_in-openmm,0.5,openmm,1.0,beegfs,24,beegfs,6,0.16128563509871888,0.0,0.16128563509871888
stage_in-openmm,0.5,openmm,1.0,beegfs,34,beegfs,6,0.16128563509871888,0.0,0.16128563509871888
stage_in-openmm,0.5,openmm,1.0,beegfs,1,beegfs,12,0.1892250028502493,0.0,0.1892250028502493
stage_in-openmm,0.5,openmm,1.0,beegfs,3,beegfs,12,0.1892250028502493,0.0,0.1892250028502493
stage_in-openmm,0.5,openmm,1.0,beegfs,6,beegfs,12,0.1892250028502493,0.0,0.1892250028502493
stage_in-openmm,0.5,openmm,1.0,beegfs,12,beegfs,12,0.1892250028502493,0.0,0.1892250028502493
stage_in-openmm,0.5,openmm,1.0,beegfs,13,beegfs,12,0.1892250028502493,0.0,0.1892250028502493
stage_in-openmm,0.5,openmm,1.0,beegfs,16,beegfs,12,0.1892250028502493,0.0,0.1892250028502493
stage_in-openmm,0.5,openmm,1.0,beegfs,24,beegfs,12,0.1892250028502493,0.0,0.1892250028502493
stage_in-openmm,0.5,openmm,1.0,beegfs,34,beegfs,12,0.1892250028502493,0.0,0.1892250028502493
stage_in-openmm,0.5,openmm,1.0,beegfs-tmpfs,6,tmpfs,12,0.21598572901751056,0.19543430155182476,0.0205514274656858
stage_in-openmm,0.5,openmm,1.0,beegfs-tmpfs,6,tmpfs,3,0.22407217572722865,0.19543430155182476,0.028637874175403887
stage_in-openmm,0.5,openmm,1.0,beegfs-tmpfs,6,tmpfs,6,0.22664640885004977,0.19543430155182476,0.031212107298225024
stage_in-openmm,0.5,openmm,1.0,ssd-beegfs,24,beegfs,3,0.24837290242179696,0.13052947040445528,0.11784343201734168
stage_in-openmm,0.5,openmm,1.0,ssd,1,ssd,3,0.25787645636532947,0.0,0.25787645636532947
stage_in-openmm,0.5,openmm,1.0,ssd,3,ssd,3,0.25787645636532947,0.0,0.25787645636532947
stage_in-openmm,0.5,openmm,1.0,ssd,6,ssd,3,0.25787645636532947,0.0,0.25787645636532947
stage_in-openmm,0.5,openmm,1.0,ssd,12,ssd,3,0.25787645636532947,0.0,0.25787645636532947
stage_in-openmm,0.5,openmm,1.0,ssd,13,ssd,3,0.25787645636532947,0.0,0.25787645636532947
stage_in-openmm,0.5,openmm,1.0,ssd,16,ssd,3,0.25787645636532947,0.0,0.25787645636532947
stage_in-openmm,0.5,openmm,1.0,ssd,24,ssd,3,0.25787645636532947,0.0,0.25787645636532947
stage_in-openmm,0.5,openmm,1.0,ssd,34,ssd,3,0.25787645636532947,0.0,0.25787645636532947
stage_in-openmm,0.5,openmm,1.0,ssd-beegfs,24,beegfs,6,0.29181510550317413,0.13052947040445528,0.16128563509871888
stage_in-openmm,0.5,openmm,1.0,beegfs-ssd,24,ssd,3,0.2965280065750039,0.038651550209674417,0.25787645636532947
stage_in-openmm,0.5,openmm,1.0,ssd-beegfs,24,beegfs,12,0.3197544732547046,0.13052947040445528,0.1892250028502493
stage_in-openmm,0.5,openmm,1.0,tmpfs-beegfs,6,beegfs,3,0.33433045610974044,0.21648702409239876,0.11784343201734168
stage_in-openmm,0.5,openmm,1.0,beegfs-ssd,12,ssd,3,0.33717677579315547,0.07930031942782602,0.25787645636532947
stage_in-openmm,0.5,openmm,1.0,tmpfs-beegfs,6,beegfs,6,0.37777265919111763,0.21648702409239876,0.16128563509871888
stage_in-openmm,0.5,openmm,1.0,tmpfs-beegfs,6,beegfs,12,0.4057120269426481,0.21648702409239876,0.1892250028502493
stage_in-openmm,0.5,openmm,1.0,beegfs-ssd,6,ssd,3,0.42265703317340986,0.1647805768080804,0.25787645636532947
stage_in-openmm,0.5,openmm,1.0,ssd,1,ssd,6,0.5029138235618872,0.0,0.5029138235618872
stage_in-openmm,0.5,openmm,1.0,ssd,3,ssd,6,0.5029138235618872,0.0,0.5029138235618872
stage_in-openmm,0.5,openmm,1.0,ssd,6,ssd,6,0.5029138235618872,0.0,0.5029138235618872
stage_in-openmm,0.5,openmm,1.0,ssd,12,ssd,6,0.5029138235618872,0.0,0.5029138235618872
stage_in-openmm,0.5,openmm,1.0,ssd,13,ssd,6,0.5029138235618872,0.0,0.5029138235618872
stage_in-openmm,0.5,openmm,1.0,ssd,16,ssd,6,0.5029138235618872,0.0,0.5029138235618872
stage_in-openmm,0.5,openmm,1.0,ssd,24,ssd,6,0.5029138235618872,0.0,0.5029138235618872
stage_in-openmm,0.5,openmm,1.0,ssd,34,ssd,6,0.5029138235618872,0.0,0.5029138235618872
stage_in-openmm,0.5,openmm,1.0,ssd-beegfs,12,beegfs,3,0.506361657840102,0.3885182258227603,0.11784343201734168
stage_in-openmm,0.5,openmm,1.0,beegfs-ssd,24,ssd,6,0.5415653737715616,0.038651550209674417,0.5029138235618872
stage_in-openmm,0.5,openmm,1.0,ssd-beegfs,12,beegfs,6,0.5498038609214791,0.3885182258227603,0.16128563509871888
stage_in-openmm,0.5,openmm,1.0,ssd-beegfs,12,beegfs,12,0.5777432286730095,0.3885182258227603,0.1892250028502493
stage_in-openmm,0.5,openmm,1.0,beegfs-ssd,12,ssd,6,0.5822141429897132,0.07930031942782602,0.5029138235618872
stage_in-openmm,0.5,openmm,1.0,ssd,1,ssd,12,0.5881711625404982,0.0,0.5881711625404982
stage_in-openmm,0.5,openmm,1.0,ssd,3,ssd,12,0.5881711625404982,0.0,0.5881711625404982
stage_in-openmm,0.5,openmm,1.0,ssd,6,ssd,12,0.5881711625404982,0.0,0.5881711625404982
stage_in-openmm,0.5,openmm,1.0,ssd,12,ssd,12,0.5881711625404982,0.0,0.5881711625404982
stage_in-openmm,0.5,openmm,1.0,ssd,13,ssd,12,0.5881711625404982,0.0,0.5881711625404982
stage_in-openmm,0.5,openmm,1.0,ssd,16,ssd,12,0.5881711625404982,0.0,0.5881711625404982
stage_in-openmm,0.5,openmm,1.0,ssd,24,ssd,12,0.5881711625404982,0.0,0.5881711625404982
stage_in-openmm,0.5,openmm,1.0,ssd,34,ssd,12,0.5881711625404982,0.0,0.5881711625404982
stage_in-openmm,0.5,openmm,1.0,beegfs-ssd,24,ssd,12,0.6268227127501725,0.038651550209674417,0.5881711625404982
stage_in-openmm,0.5,openmm,1.0,beegfs-tmpfs,24,tmpfs,12,0.6374016168436649,0.6168501893779791,0.0205514274656858
stage_in-openmm,0.5,openmm,1.0,beegfs-tmpfs,24,tmpfs,3,0.645488063553383,0.6168501893779791,0.028637874175403887
stage_in-openmm,0.5,openmm,1.0,beegfs-tmpfs,24,tmpfs,6,0.6480622966762041,0.6168501893779791,0.031212107298225024
stage_in-openmm,0.5,openmm,1.0,ssd-beegfs,6,beegfs,3,0.651770214897024,0.5339267828796823,0.11784343201734168
stage_in-openmm,0.5,openmm,1.0,beegfs-ssd,12,ssd,12,0.6674714819683242,0.07930031942782602,0.5881711625404982
stage_in-openmm,0.5,openmm,1.0,beegfs-ssd,6,ssd,6,0.6676944003699676,0.1647805768080804,0.5029138235618872
stage_in-openmm,0.5,openmm,1.0,ssd-beegfs,6,beegfs,6,0.6952124179784012,0.5339267828796823,0.16128563509871888
stage_in-openmm,0.5,openmm,1.0,ssd-beegfs,6,beegfs,12,0.7231517857299317,0.5339267828796823,0.1892250028502493
stage_in-openmm,0.5,openmm,1.0,beegfs-ssd,6,ssd,12,0.7529517393485785,0.1647805768080804,0.5881711625404982
stage_in-openmm,0.5,openmm,1.0,tmpfs-beegfs,24,beegfs,3,0.8226914631047683,0.7048480310874266,0.11784343201734168
stage_in-openmm,0.5,openmm,1.0,tmpfs-beegfs,24,beegfs,6,0.8661336661861454,0.7048480310874266,0.16128563509871888
stage_in-openmm,0.5,openmm,1.0,tmpfs-beegfs,24,beegfs,12,0.8940730339376759,0.7048480310874266,0.1892250028502493
stage_in-openmm,0.5,openmm,1.0,beegfs-tmpfs,12,tmpfs,12,0.9653796094481616,0.9448281819824758,0.0205514274656858
stage_in-openmm,0.5,openmm,1.0,beegfs-tmpfs,12,tmpfs,3,0.9734660561578796,0.9448281819824758,0.028637874175403887
stage_in-openmm,0.5,openmm,1.0,beegfs-tmpfs,12,tmpfs,6,0.9760402892807007,0.9448281819824758,0.031212107298225024
stage_in-openmm,0.5,openmm,1.0,tmpfs-tmpfs,24,tmpfs,12,1.9027346843011839,1.8821832568354981,0.0205514274656858
stage_in-openmm,0.5,openmm,1.0,tmpfs-tmpfs,24,tmpfs,3,1.910821131010902,1.8821832568354981,0.028637874175403887
stage_in-openmm,0.5,openmm,1.0,tmpfs-tmpfs,24,tmpfs,6,1.9133953641337231,1.8821832568354981,0.031212107298225024
stage_in-openmm,0.5,openmm,1.0,ssd-ssd,24,ssd,3,2.1430840469124255,1.8852075905470962,0.25787645636532947
stage_in-openmm,0.5,openmm,1.0,tmpfs-beegfs,12,beegfs,3,2.3597811939546967,2.241937761937355,0.11784343201734168
stage_in-openmm,0.5,openmm,1.0,ssd-ssd,24,ssd,6,2.3881214141089835,1.8852075905470962,0.5029138235618872
stage_in-openmm,0.5,openmm,1.0,tmpfs-beegfs,12,beegfs,6,2.403223397036074,2.241937761937355,0.16128563509871888
stage_in-openmm,0.5,openmm,1.0,tmpfs-beegfs,12,beegfs,12,2.4311627647876044,2.241937761937355,0.1892250028502493
stage_in-openmm,0.5,openmm,1.0,ssd-ssd,24,ssd,12,2.4733787530875944,1.8852075905470962,0.5881711625404982
stage_in-openmm,0.5,openmm,1.0,tmpfs-tmpfs,12,tmpfs,12,3.492081218558938,3.471529791093252,0.0205514274656858
stage_in-openmm,0.5,openmm,1.0,tmpfs-tmpfs,12,tmpfs,3,3.500167665268656,3.471529791093252,0.028637874175403887
stage_in-openmm,0.5,openmm,1.0,tmpfs-tmpfs,12,tmpfs,6,3.502741898391477,3.471529791093252,0.031212107298225024
stage_in-openmm,0.5,openmm,1.0,ssd-ssd,12,ssd,3,3.795177588982053,3.5373011326167236,0.25787645636532947
stage_in-openmm,0.5,openmm,1.0,ssd-ssd,12,ssd,6,4.040214956178611,3.5373011326167236,0.5029138235618872
stage_in-openmm,0.5,openmm,1.0,ssd-ssd,12,ssd,12,4.125472295157222,3.5373011326167236,0.5881711625404982
stage_in-openmm,0.5,openmm,1.0,tmpfs-tmpfs,6,tmpfs,12,6.776526850737233,6.755975423271547,0.0205514274656858
stage_in-openmm,0.5,openmm,1.0,tmpfs-tmpfs,6,tmpfs,3,6.784613297446951,6.755975423271547,0.028637874175403887
stage_in-openmm,0.5,openmm,1.0,tmpfs-tmpfs,6,tmpfs,6,6.787187530569772,6.755975423271547,0.031212107298225024
stage_in-openmm,0.5,openmm,1.0,ssd-ssd,6,ssd,3,7.0030318795625845,6.7451554231972555,0.25787645636532947
stage_in-openmm,0.5,openmm,1.0,ssd-ssd,6,ssd,6,7.248069246759143,6.7451554231972555,0.5029138235618872
stage_in-openmm,0.5,openmm,1.0,ssd-ssd,6,ssd,12,7.333326585737754,6.7451554231972555,0.5881711625404982
stage_in-aggregate,0.5,aggregate,2.0,tmpfs,1,tmpfs,1,0.24912333171514536,0.0,0.24912333171514536
stage_in-aggregate,0.5,aggregate,2.0,tmpfs,3,tmpfs,1,0.24912333171514536,0.0,0.24912333171514536
stage_in-aggregate,0.5,aggregate,2.0,tmpfs,6,tmpfs,1,0.24912333171514536,0.0,0.24912333171514536
stage_in-aggregate,0.5,aggregate,2.0,tmpfs,12,tmpfs,1,0.24912333171514536,0.0,0.24912333171514536
stage_in-aggregate,0.5,aggregate,2.0,tmpfs,13,tmpfs,1,0.24912333171514536,0.0,0.24912333171514536
stage_in-aggregate,0.5,aggregate,2.0,tmpfs,16,tmpfs,1,0.24912333171514536,0.0,0.24912333171514536
stage_in-aggregate,0.5,aggregate,2.0,tmpfs,24,tmpfs,1,0.24912333171514536,0.0,0.24912333171514536
stage_in-aggregate,0.5,aggregate,2.0,tmpfs,34,tmpfs,1,0.24912333171514536,0.0,0.24912333171514536
stage_in-aggregate,0.5,aggregate,2.0,ssd,1,ssd,1,0.26820549926385734,0.0,0.26820549926385734
stage_in-aggregate,0.5,aggregate,2.0,ssd,3,ssd,1,0.26820549926385734,0.0,0.26820549926385734
stage_in-aggregate,0.5,aggregate,2.0,ssd,6,ssd,1,0.26820549926385734,0.0,0.26820549926385734
stage_in-aggregate,0.5,aggregate,2.0,ssd,12,ssd,1,0.26820549926385734,0.0,0.26820549926385734
stage_in-aggregate,0.5,aggregate,2.0,ssd,13,ssd,1,0.26820549926385734,0.0,0.26820549926385734
stage_in-aggregate,0.5,aggregate,2.0,ssd,16,ssd,1,0.26820549926385734,0.0,0.26820549926385734
stage_in-aggregate,0.5,aggregate,2.0,ssd,24,ssd,1,0.26820549926385734,0.0,0.26820549926385734
stage_in-aggregate,0.5,aggregate,2.0,ssd,34,ssd,1,0.26820549926385734,0.0,0.26820549926385734
stage_in-aggregate,0.5,aggregate,2.0,beegfs-ssd,16,ssd,1,0.3214389143035789,0.05323341503972156,0.26820549926385734
stage_in-aggregate,0.5,aggregate,2.0,beegfs-ssd,13,ssd,1,0.32432706606299305,0.05612156679913571,0.26820549926385734
stage_in-aggregate,0.5,aggregate,2.0,beegfs-ssd,8,ssd,1,0.3972039219161068,0.12899842265224948,0.26820549926385734
stage_in-aggregate,0.5,aggregate,2.0,beegfs-ssd,7,ssd,1,0.4025582656036071,0.1343527663397497,0.26820549926385734
stage_in-aggregate,0.5,aggregate,2.0,beegfs-ssd,4,ssd,1,0.535337885581709,0.2671323863178517,0.26820549926385734
stage_in-aggregate,0.5,aggregate,2.0,beegfs-tmpfs,4,tmpfs,1,0.5563470004482733,0.307223668733128,0.24912333171514536
stage_in-aggregate,0.5,aggregate,2.0,beegfs,1,beegfs,1,0.7404706573718891,0.0,0.7404706573718891
stage_in-aggregate,0.5,aggregate,2.0,beegfs,3,beegfs,1,0.7404706573718891,0.0,0.7404706573718891
stage_in-aggregate,0.5,aggregate,2.0,beegfs,6,beegfs,1,0.7404706573718891,0.0,0.7404706573718891
stage_in-aggregate,0.5,aggregate,2.0,beegfs,12,beegfs,1,0.7404706573718891,0.0,0.7404706573718891
stage_in-aggregate,0.5,aggregate,2.0,beegfs,13,beegfs,1,0.7404706573718891,0.0,0.7404706573718891
stage_in-aggregate,0.5,aggregate,2.0,beegfs,16,beegfs,1,0.7404706573718891,0.0,0.7404706573718891
stage_in-aggregate,0.5,aggregate,2.0,beegfs,24,beegfs,1,0.7404706573718891,0.0,0.7404706573718891
stage_in-aggregate,0.5,aggregate,2.0,beegfs,34,beegfs,1,0.7404706573718891,0.0,0.7404706573718891
stage_in-aggregate,0.5,aggregate,2.0,beegfs-tmpfs,16,tmpfs,1,0.763251892586168,0.5141285608710227,0.24912333171514536
stage_in-aggregate,0.5,aggregate,2.0,beegfs-tmpfs,13,tmpfs,1,0.763251892586168,0.5141285608710227,0.24912333171514536
stage_in-aggregate,0.5,aggregate,2.0,ssd-beegfs,16,beegfs,1,0.9271337664161579,0.18666310904426875,0.7404706573718891
stage_in-aggregate,0.5,aggregate,2.0,ssd-beegfs,13,beegfs,1,0.9329516500427572,0.19248099267086807,0.7404706573718891
stage_in-aggregate,0.5,aggregate,2.0,tmpfs-beegfs,4,beegfs,1,1.0532664478012075,0.3127957904293183,0.7404706573718891
stage_in-aggregate,0.5,aggregate,2.0,tmpfs-tmpfs,13,tmpfs,1,1.2880229725506898,1.0388996408355444,0.24912333171514536
stage_in-aggregate,0.5,aggregate,2.0,ssd-beegfs,7,beegfs,1,1.3090419510394207,0.5685712936675317,0.7404706573718891
stage_in-aggregate,0.5,aggregate,2.0,ssd-beegfs,8,beegfs,1,1.3123091004970426,0.5718384431251535,0.7404706573718891
stage_in-aggregate,0.5,aggregate,2.0,ssd-ssd,13,ssd,1,1.321518293731343,1.0533127944674856,0.26820549926385734
stage_in-aggregate,0.5,aggregate,2.0,beegfs-tmpfs,8,tmpfs,1,1.4049413153587689,1.1558179836436235,0.24912333171514536
stage_in-aggregate,0.5,aggregate,2.0,ssd-beegfs,4,beegfs,1,1.4617568805651164,0.7212862231932273,0.7404706573718891
stage_in-aggregate,0.5,aggregate,2.0,beegfs-tmpfs,7,tmpfs,1,1.5979503660153422,1.348827034300197,0.24912333171514536
stage_in-training,0.5,training,2.0,tmpfs,1,tmpfs,1,1.7202802227345297,0.0,1.7202802227345297
stage_in-training,0.5,training,2.0,tmpfs,3,tmpfs,1,1.7202802227345297,0.0,1.7202802227345297
stage_in-training,0.5,training,2.0,tmpfs,6,tmpfs,1,1.7202802227345297,0.0,1.7202802227345297
stage_in-training,0.5,training,2.0,tmpfs,12,tmpfs,1,1.7202802227345297,0.0,1.7202802227345297
stage_in-training,0.5,training,2.0,tmpfs,13,tmpfs,1,1.7202802227345297,0.0,1.7202802227345297
stage_in-training,0.5,training,2.0,tmpfs,16,tmpfs,1,1.7202802227345297,0.0,1.7202802227345297
stage_in-training,0.5,training,2.0,tmpfs,24,tmpfs,1,1.7202802227345297,0.0,1.7202802227345297
stage_in-training,0.5,training,2.0,tmpfs,34,tmpfs,1,1.7202802227345297,0.0,1.7202802227345297
stage_in-aggregate,0.5,aggregate,2.0,tmpfs-beegfs,16,beegfs,1,2.1620118942282227,1.4215412368563336,0.7404706573718891
stage_in-aggregate,0.5,aggregate,2.0,tmpfs-tmpfs,7,tmpfs,1,2.2880803964034646,2.038957064688319,0.24912333171514536
stage_in-aggregate,0.5,aggregate,2.0,ssd-ssd,7,ssd,1,2.308892846219805,2.0406873469559477,0.26820549926385734
stage_in-aggregate,0.5,aggregate,2.0,tmpfs-beegfs,13,beegfs,1,2.323428049786587,1.5829573924146982,0.7404706573718891
stage_in-aggregate,0.5,aggregate,2.0,tmpfs-beegfs,7,beegfs,1,3.4278934788426283,2.687422821470739,0.7404706573718891
stage_in-aggregate,0.5,aggregate,2.0,tmpfs-beegfs,8,beegfs,1,3.882659109115374,3.142188451743485,0.7404706573718891
stage_in-aggregate,0.5,aggregate,2.0,tmpfs-tmpfs,4,tmpfs,1,4.192444935309067,3.9433216035939216,0.24912333171514536
stage_in-aggregate,0.5,aggregate,2.0,ssd-ssd,4,ssd,1,4.23659329815822,3.968387798894363,0.26820549926385734
stage_in-training,0.5,training,2.0,beegfs,1,beegfs,1,5.247857851757132,0.0,5.247857851757132
stage_in-training,0.5,training,2.0,beegfs,3,beegfs,1,5.247857851757132,0.0,5.247857851757132
stage_in-training,0.5,training,2.0,beegfs,6,beegfs,1,5.247857851757132,0.0,5.247857851757132
stage_in-training,0.5,training,2.0,beegfs,12,beegfs,1,5.247857851757132,0.0,5.247857851757132
stage_in-training,0.5,training,2.0,beegfs,13,beegfs,1,5.247857851757132,0.0,5.247857851757132
stage_in-training,0.5,training,2.0,beegfs,16,beegfs,1,5.247857851757132,0.0,5.247857851757132
stage_in-training,0.5,training,2.0,beegfs,24,beegfs,1,5.247857851757132,0.0,5.247857851757132
stage_in-training,0.5,training,2.0,beegfs,34,beegfs,1,5.247857851757132,0.0,5.247857851757132
stage_in-training,0.5,training,2.0,ssd-beegfs,34,beegfs,1,9.335807577706934,4.0879497259498025,5.247857851757132
stage_in-training,0.5,training,2.0,ssd-beegfs,16,beegfs,1,9.595959652069155,4.348101800312022,5.247857851757132
stage_in-training,0.5,training,2.0,beegfs-tmpfs,34,tmpfs,1,13.007771301296064,11.287491078561533,1.7202802227345297
stage_in-training,0.5,training,2.0,ssd,1,ssd,1,14.558710813937653,0.0,14.558710813937653
stage_in-training,0.5,training,2.0,ssd,3,ssd,1,14.558710813937653,0.0,14.558710813937653
stage_in-training,0.5,training,2.0,ssd,6,ssd,1,14.558710813937653,0.0,14.558710813937653
stage_in-training,0.5,training,2.0,ssd,12,ssd,1,14.558710813937653,0.0,14.558710813937653
stage_in-training,0.5,training,2.0,ssd,13,ssd,1,14.558710813937653,0.0,14.558710813937653
stage_in-training,0.5,training,2.0,ssd,16,ssd,1,14.558710813937653,0.0,14.558710813937653
stage_in-training,0.5,training,2.0,ssd,24,ssd,1,14.558710813937653,0.0,14.558710813937653
stage_in-training,0.5,training,2.0,ssd,34,ssd,1,14.558710813937653,0.0,14.558710813937653
stage_in-training,0.5,training,2.0,beegfs-ssd,34,ssd,1,15.53963384299779,0.9809230290601363,14.558710813937653
stage_in-training,0.5,training,2.0,beegfs-tmpfs,16,tmpfs,1,15.604643676874819,13.884363454140288,1.7202802227345297
stage_in-training,0.5,training,2.0,beegfs-ssd,16,ssd,1,15.677587636347305,1.118876822409651,14.558710813937653
stage_in-training,0.5,training,2.0,tmpfs-beegfs,34,beegfs,1,17.935478594851773,12.687620743094643,5.247857851757132
stage_in-training,0.5,training,2.0,beegfs-ssd,17,ssd,1,23.017556096302478,8.458845282364827,14.558710813937653
stage_in-training,0.5,training,2.0,beegfs-ssd,8,ssd,1,25.855695046770023,11.296984232832372,14.558710813937653
stage_in-training,0.5,training,2.0,beegfs-tmpfs,9,tmpfs,1,27.34229358574179,25.62201336300726,1.7202802227345297
stage_in-training,0.5,training,2.0,tmpfs-beegfs,9,beegfs,1,28.151908461645043,22.90405060988791,5.247857851757132
stage_in-training,0.5,training,2.0,beegfs-ssd,9,ssd,1,31.438744278317102,16.88003346437945,14.558710813937653
stage_in-training,0.5,training,2.0,tmpfs-beegfs,4,beegfs,1,32.84400336586475,27.596145514107622,5.247857851757132
stage_in-training,0.5,training,2.0,beegfs-tmpfs,4,tmpfs,1,37.250885426148095,35.530605203413565,1.7202802227345297
stage_in-training,0.5,training,2.0,tmpfs-beegfs,16,beegfs,1,38.16968337276094,32.92182552100381,5.247857851757132
stage_in-training,0.5,training,2.0,beegfs-ssd,4,ssd,1,40.06620133129904,25.50749051736139,14.558710813937653
stage_in-training,0.5,training,2.0,tmpfs-tmpfs,34,tmpfs,1,45.8791734340467,44.15889321131217,1.7202802227345297
stage_in-training,0.5,training,2.0,ssd-beegfs,17,beegfs,1,46.52808683750904,41.28022898575191,5.247857851757132
stage_in-training,0.5,training,2.0,ssd-beegfs,8,beegfs,1,46.64145270460053,41.3935948528434,5.247857851757132
stage_in-training,0.5,training,2.0,ssd-ssd,34,ssd,1,57.65172872343758,43.09301790949993,14.558710813937653
stage_in-training,0.5,training,2.0,beegfs-tmpfs,17,tmpfs,1,70.87668631734277,69.15640609460824,1.7202802227345297
stage_in-training,0.5,training,2.0,ssd-beegfs,9,beegfs,1,76.13020573189894,70.88234788014181,5.247857851757132
stage_in-training,0.5,training,2.0,ssd-beegfs,4,beegfs,1,77.31829453826757,72.07043668651043,5.247857851757132
stage_in-training,0.5,training,2.0,tmpfs-tmpfs,17,tmpfs,1,79.08338005315966,77.36309983042513,1.7202802227345297
stage_in-training,0.5,training,2.0,tmpfs-beegfs,17,beegfs,1,80.66074812978,75.41289027802287,5.247857851757132
stage_in-training,0.5,training,2.0,ssd-ssd,17,ssd,1,91.22723908979862,76.66852827586096,14.558710813937653
stage_in-training,0.5,training,2.0,tmpfs-tmpfs,9,tmpfs,1,152.69448783844027,150.97420761570575,1.7202802227345297
stage_in-training,0.5,training,2.0,tmpfs-beegfs,8,beegfs,1,154.9850430576954,149.7371852059383,5.247857851757132
stage_in-training,0.5,training,2.0,ssd-ssd,9,ssd,1,164.98063074572744,150.42191993178977,14.558710813937653
stage_in-training,0.5,training,2.0,beegfs-tmpfs,8,tmpfs,1,195.14916125898398,193.42888103624946,1.7202802227345297
openmm,1.0,stage_out-openmm,1.5,tmpfs,12,tmpfs,1,0.0205514274656858,0.0205514274656858,0.0
openmm,1.0,stage_out-openmm,1.5,tmpfs,12,tmpfs,3,0.0205514274656858,0.0205514274656858,0.0
openmm,1.0,stage_out-openmm,1.5,tmpfs,12,tmpfs,6,0.0205514274656858,0.0205514274656858,0.0
openmm,1.0,stage_out-openmm,1.5,tmpfs,12,tmpfs,12,0.0205514274656858,0.0205514274656858,0.0
openmm,1.0,stage_out-openmm,1.5,tmpfs,12,tmpfs,13,0.0205514274656858,0.0205514274656858,0.0
openmm,1.0,stage_out-openmm,1.5,tmpfs,12,tmpfs,16,0.0205514274656858,0.0205514274656858,0.0
openmm,1.0,stage_out-openmm,1.5,tmpfs,12,tmpfs,24,0.0205514274656858,0.0205514274656858,0.0
openmm,1.0,stage_out-openmm,1.5,tmpfs,12,tmpfs,34,0.0205514274656858,0.0205514274656858,0.0
openmm,1.0,stage_out-openmm,1.5,tmpfs,3,tmpfs,1,0.028637874175403887,0.028637874175403887,0.0
openmm,1.0,stage_out-openmm,1.5,tmpfs,3,tmpfs,3,0.028637874175403887,0.028637874175403887,0.0
openmm,1.0,stage_out-openmm,1.5,tmpfs,3,tmpfs,6,0.028637874175403887,0.028637874175403887,0.0
openmm,1.0,stage_out-openmm,1.5,tmpfs,3,tmpfs,12,0.028637874175403887,0.028637874175403887,0.0
openmm,1.0,stage_out-openmm,1.5,tmpfs,3,tmpfs,13,0.028637874175403887,0.028637874175403887,0.0
openmm,1.0,stage_out-openmm,1.5,tmpfs,3,tmpfs,16,0.028637874175403887,0.028637874175403887,0.0
openmm,1.0,stage_out-openmm,1.5,tmpfs,3,tmpfs,24,0.028637874175403887,0.028637874175403887,0.0
openmm,1.0,stage_out-openmm,1.5,tmpfs,3,tmpfs,34,0.028637874175403887,0.028637874175403887,0.0
openmm,1.0,stage_out-openmm,1.5,tmpfs,6,tmpfs,1,0.031212107298225024,0.031212107298225024,0.0
openmm,1.0,stage_out-openmm,1.5,tmpfs,6,tmpfs,3,0.031212107298225024,0.031212107298225024,0.0
openmm,1.0,stage_out-openmm,1.5,tmpfs,6,tmpfs,6,0.031212107298225024,0.031212107298225024,0.0
openmm,1.0,stage_out-openmm,1.5,tmpfs,6,tmpfs,12,0.031212107298225024,0.031212107298225024,0.0
openmm,1.0,stage_out-openmm,1.5,tmpfs,6,tmpfs,13,0.031212107298225024,0.031212107298225024,0.0
openmm,1.0,stage_out-openmm,1.5,tmpfs,6,tmpfs,16,0.031212107298225024,0.031212107298225024,0.0
openmm,1.0,stage_out-openmm,1.5,tmpfs,6,tmpfs,24,0.031212107298225024,0.031212107298225024,0.0
openmm,1.0,stage_out-openmm,1.5,tmpfs,6,tmpfs,34,0.031212107298225024,0.031212107298225024,0.0
openmm,1.0,stage_out-openmm,1.5,beegfs,3,beegfs,1,0.11784343201734168,0.11784343201734168,0.0
openmm,1.0,stage_out-openmm,1.5,beegfs,3,beegfs,3,0.11784343201734168,0.11784343201734168,0.0
openmm,1.0,stage_out-openmm,1.5,beegfs,3,beegfs,6,0.11784343201734168,0.11784343201734168,0.0
openmm,1.0,stage_out-openmm,1.5,beegfs,3,beegfs,12,0.11784343201734168,0.11784343201734168,0.0
openmm,1.0,stage_out-openmm,1.5,beegfs,3,beegfs,13,0.11784343201734168,0.11784343201734168,0.0
openmm,1.0,stage_out-openmm,1.5,beegfs,3,beegfs,16,0.11784343201734168,0.11784343201734168,0.0
openmm,1.0,stage_out-openmm,1.5,beegfs,3,beegfs,24,0.11784343201734168,0.11784343201734168,0.0
openmm,1.0,stage_out-openmm,1.5,beegfs,3,beegfs,34,0.11784343201734168,0.11784343201734168,0.0
openmm,1.0,stage_out-openmm,1.5,beegfs,3,beegfs-ssd,24,0.1564949822270161,0.11784343201734168,0.038651550209674417
openmm,1.0,stage_out-openmm,1.5,beegfs,6,beegfs,1,0.16128563509871888,0.16128563509871888,0.0
openmm,1.0,stage_out-openmm,1.5,beegfs,6,beegfs,3,0.16128563509871888,0.16128563509871888,0.0
openmm,1.0,stage_out-openmm,1.5,beegfs,6,beegfs,6,0.16128563509871888,0.16128563509871888,0.0
openmm,1.0,stage_out-openmm,1.5,beegfs,6,beegfs,12,0.16128563509871888,0.16128563509871888,0.0
openmm,1.0,stage_out-openmm,1.5,beegfs,6,beegfs,13,0.16128563509871888,0.16128563509871888,0.0
openmm,1.0,stage_out-openmm,1.5,beegfs,6,beegfs,16,0.16128563509871888,0.16128563509871888,0.0
openmm,1.0,stage_out-openmm,1.5,beegfs,6,beegfs,24,0.16128563509871888,0.16128563509871888,0.0
openmm,1.0,stage_out-openmm,1.5,beegfs,6,beegfs,34,0.16128563509871888,0.16128563509871888,0.0
openmm,1.0,stage_out-openmm,1.5,beegfs,12,beegfs,1,0.1892250028502493,0.1892250028502493,0.0
openmm,1.0,stage_out-openmm,1.5,beegfs,12,beegfs,3,0.1892250028502493,0.1892250028502493,0.0
openmm,1.0,stage_out-openmm,1.5,beegfs,12,beegfs,6,0.1892250028502493,0.1892250028502493,0.0
openmm,1.0,stage_out-openmm,1.5,beegfs,12,beegfs,12,0.1892250028502493,0.1892250028502493,0.0
openmm,1.0,stage_out-openmm,1.5,beegfs,12,beegfs,13,0.1892250028502493,0.1892250028502493,0.0
openmm,1.0,stage_out-openmm,1.5,beegfs,12,beegfs,16,0.1892250028502493,0.1892250028502493,0.0
openmm,1.0,stage_out-openmm,1.5,beegfs,12,beegfs,24,0.1892250028502493,0.1892250028502493,0.0
openmm,1.0,stage_out-openmm,1.5,beegfs,12,beegfs,34,0.1892250028502493,0.1892250028502493,0.0
openmm,1.0,stage_out-openmm,1.5,beegfs,3,beegfs-ssd,12,0.19714375144516771,0.11784343201734168,0.07930031942782602
openmm,1.0,stage_out-openmm,1.5,beegfs,6,beegfs-ssd,24,0.1999371853083933,0.16128563509871888,0.038651550209674417
openmm,1.0,stage_out-openmm,1.5,beegfs,12,beegfs-ssd,24,0.22787655305992371,0.1892250028502493,0.038651550209674417
openmm,1.0,stage_out-openmm,1.5,tmpfs,12,tmpfs-beegfs,6,0.23703845155808456,0.0205514274656858,0.21648702409239876
openmm,1.0,stage_out-openmm,1.5,beegfs,6,beegfs-ssd,12,0.2405859545265449,0.16128563509871888,0.07930031942782602
openmm,1.0,stage_out-openmm,1.5,tmpfs,3,tmpfs-beegfs,6,0.24512489826780265,0.028637874175403887,0.21648702409239876
openmm,1.0,stage_out-openmm,1.5,tmpfs,6,tmpfs-beegfs,6,0.24769913139062377,0.031212107298225024,0.21648702409239876
openmm,1.0,stage_out-openmm,1.5,ssd,3,ssd,1,0.25787645636532947,0.25787645636532947,0.0
openmm,1.0,stage_out-openmm,1.5,ssd,3,ssd,3,0.25787645636532947,0.25787645636532947,0.0
openmm,1.0,stage_out-openmm,1.5,ssd,3,ssd,6,0.25787645636532947,0.25787645636532947,0.0
openmm,1.0,stage_out-openmm,1.5,ssd,3,ssd,12,0.25787645636532947,0.25787645636532947,0.0
openmm,1.0,stage_out-openmm,1.5,ssd,3,ssd,13,0.25787645636532947,0.25787645636532947,0.0
openmm,1.0,stage_out-openmm,1.5,ssd,3,ssd,16,0.25787645636532947,0.25787645636532947,0.0
openmm,1.0,stage_out-openmm,1.5,ssd,3,ssd,24,0.25787645636532947,0.25787645636532947,0.0
openmm,1.0,stage_out-openmm,1.5,ssd,3,ssd,34,0.25787645636532947,0.25787645636532947,0.0
openmm,1.0,stage_out-openmm,1.5,beegfs,12,beegfs-ssd,12,0.2685253222780753,0.1892250028502493,0.07930031942782602
openmm,1.0,stage_out-openmm,1.5,beegfs,3,beegfs-ssd,6,0.28262400882542205,0.11784343201734168,0.1647805768080804
openmm,1.0,stage_out-openmm,1.5,beegfs,3,beegfs-tmpfs,6,0.31327773356916644,0.11784343201734168,0.19543430155182476
openmm,1.0,stage_out-openmm,1.5,beegfs,6,beegfs-ssd,6,0.3260662119067993,0.16128563509871888,0.1647805768080804
openmm,1.0,stage_out-openmm,1.5,beegfs,12,beegfs-ssd,6,0.3540055796583297,0.1892250028502493,0.1647805768080804
openmm,1.0,stage_out-openmm,1.5,beegfs,6,beegfs-tmpfs,6,0.35671993665054363,0.16128563509871888,0.19543430155182476
openmm,1.0,stage_out-openmm,1.5,beegfs,12,beegfs-tmpfs,6,0.3846593044020741,0.1892250028502493,0.19543430155182476
openmm,1.0,stage_out-openmm,1.5,ssd,3,ssd-beegfs,24,0.38840592676978475,0.25787645636532947,0.13052947040445528
openmm,1.0,stage_out-openmm,1.5,ssd,6,ssd,1,0.5029138235618872,0.5029138235618872,0.0
openmm,1.0,stage_out-openmm,1.5,ssd,6,ssd,3,0.5029138235618872,0.5029138235618872,0.0
openmm,1.0,stage_out-openmm,1.5,ssd,6,ssd,6,0.5029138235618872,0.5029138235618872,0.0
openmm,1.0,stage_out-openmm,1.5,ssd,6,ssd,12,0.5029138235618872,0.5029138235618872,0.0
openmm,1.0,stage_out-openmm,1.5,ssd,6,ssd,13,0.5029138235618872,0.5029138235618872,0.0
openmm,1.0,stage_out-openmm,1.5,ssd,6,ssd,16,0.5029138235618872,0.5029138235618872,0.0
openmm,1.0,stage_out-openmm,1.5,ssd,6,ssd,24,0.5029138235618872,0.5029138235618872,0.0
openmm,1.0,stage_out-openmm,1.5,ssd,6,ssd,34,0.5029138235618872,0.5029138235618872,0.0
openmm,1.0,stage_out-openmm,1.5,ssd,12,ssd,1,0.5881711625404982,0.5881711625404982,0.0
openmm,1.0,stage_out-openmm,1.5,ssd,12,ssd,3,0.5881711625404982,0.5881711625404982,0.0
openmm,1.0,stage_out-openmm,1.5,ssd,12,ssd,6,0.5881711625404982,0.5881711625404982,0.0
openmm,1.0,stage_out-openmm,1.5,ssd,12,ssd,12,0.5881711625404982,0.5881711625404982,0.0
openmm,1.0,stage_out-openmm,1.5,ssd,12,ssd,13,0.5881711625404982,0.5881711625404982,0.0
openmm,1.0,stage_out-openmm,1.5,ssd,12,ssd,16,0.5881711625404982,0.5881711625404982,0.0
openmm,1.0,stage_out-openmm,1.5,ssd,12,ssd,24,0.5881711625404982,0.5881711625404982,0.0
openmm,1.0,stage_out-openmm,1.5,ssd,12,ssd,34,0.5881711625404982,0.5881711625404982,0.0
openmm,1.0,stage_out-openmm,1.5,ssd,6,ssd-beegfs,24,0.6334432939663425,0.5029138235618872,0.13052947040445528
openmm,1.0,stage_out-openmm,1.5,ssd,3,ssd-beegfs,12,0.6463946821880897,0.25787645636532947,0.3885182258227603
openmm,1.0,stage_out-openmm,1.5,ssd,12,ssd-beegfs,24,0.7187006329449535,0.5881711625404982,0.13052947040445528
openmm,1.0,stage_out-openmm,1.5,tmpfs,12,tmpfs-beegfs,24,0.7253994585531124,0.0205514274656858,0.7048480310874266
openmm,1.0,stage_out-openmm,1.5,tmpfs,3,tmpfs-beegfs,24,0.7334859052628304,0.028637874175403887,0.7048480310874266
openmm,1.0,stage_out-openmm,1.5,beegfs,3,beegfs-tmpfs,24,0.7346936213953208,0.11784343201734168,0.6168501893779791
openmm,1.0,stage_out-openmm,1.5,tmpfs,6,tmpfs-beegfs,24,0.7360601383856515,0.031212107298225024,0.7048480310874266
openmm,1.0,stage_out-openmm,1.5,beegfs,6,beegfs-tmpfs,24,0.7781358244766979,0.16128563509871888,0.6168501893779791
openmm,1.0,stage_out-openmm,1.5,ssd,3,ssd-beegfs,6,0.7918032392450118,0.25787645636532947,0.5339267828796823
openmm,1.0,stage_out-openmm,1.5,beegfs,12,beegfs-tmpfs,24,0.8060751922282283,0.1892250028502493,0.6168501893779791
openmm,1.0,stage_out-openmm,1.5,ssd,6,ssd-beegfs,12,0.8914320493846475,0.5029138235618872,0.3885182258227603
openmm,1.0,stage_out-openmm,1.5,ssd,12,ssd-beegfs,12,0.9766893883632585,0.5881711625404982,0.3885182258227603
openmm,1.0,stage_out-openmm,1.5,ssd,6,ssd-beegfs,6,1.0368406064415696,0.5029138235618872,0.5339267828796823
openmm,1.0,stage_out-openmm,1.5,beegfs,3,beegfs-tmpfs,12,1.0626716139998174,0.11784343201734168,0.9448281819824758
openmm,1.0,stage_out-openmm,1.5,beegfs,6,beegfs-tmpfs,12,1.1061138170811946,0.16128563509871888,0.9448281819824758
openmm,1.0,stage_out-openmm,1.5,ssd,12,ssd-beegfs,6,1.1220979454201805,0.5881711625404982,0.5339267828796823
openmm,1.0,stage_out-openmm,1.5,beegfs,12,beegfs-tmpfs,12,1.134053184832725,0.1892250028502493,0.9448281819824758
openmm,1.0,stage_out-openmm,1.5,tmpfs,12,tmpfs-tmpfs,24,1.9027346843011839,0.0205514274656858,1.8821832568354981
openmm,1.0,stage_out-openmm,1.5,tmpfs,3,tmpfs-tmpfs,24,1.910821131010902,0.028637874175403887,1.8821832568354981
openmm,1.0,stage_out-openmm,1.5,tmpfs,6,tmpfs-tmpfs,24,1.9133953641337231,0.031212107298225024,1.8821832568354981
openmm,1.0,stage_out-openmm,1.5,ssd,3,ssd-ssd,24,2.1430840469124255,0.25787645636532947,1.8852075905470962
openmm,1.0,stage_out-openmm,1.5,tmpfs,12,tmpfs-beegfs,12,2.262489189403041,0.0205514274656858,2.241937761937355
openmm,1.0,stage_out-openmm,1.5,tmpfs,3,tmpfs-beegfs,12,2.270575636112759,0.028637874175403887,2.241937761937355
openmm,1.0,stage_out-openmm,1.5,tmpfs,6,tmpfs-beegfs,12,2.27314986923558,0.031212107298225024,2.241937761937355
openmm,1.0,stage_out-openmm,1.5,ssd,6,ssd-ssd,24,2.3881214141089835,0.5029138235618872,1.8852075905470962
openmm,1.0,stage_out-openmm,1.5,ssd,12,ssd-ssd,24,2.4733787530875944,0.5881711625404982,1.8852075905470962
openmm,1.0,stage_out-openmm,1.5,tmpfs,12,tmpfs-tmpfs,12,3.492081218558938,0.0205514274656858,3.471529791093252
openmm,1.0,stage_out-openmm,1.5,tmpfs,3,tmpfs-tmpfs,12,3.500167665268656,0.028637874175403887,3.471529791093252
openmm,1.0,stage_out-openmm,1.5,tmpfs,6,tmpfs-tmpfs,12,3.502741898391477,0.031212107298225024,3.471529791093252
openmm,1.0,stage_out-openmm,1.5,ssd,3,ssd-ssd,12,3.795177588982053,0.25787645636532947,3.5373011326167236
openmm,1.0,stage_out-openmm,1.5,ssd,6,ssd-ssd,12,4.040214956178611,0.5029138235618872,3.5373011326167236
openmm,1.0,stage_out-openmm,1.5,ssd,12,ssd-ssd,12,4.125472295157222,0.5881711625404982,3.5373011326167236
openmm,1.0,stage_out-openmm,1.5,tmpfs,12,tmpfs-tmpfs,6,6.776526850737233,0.0205514274656858,6.755975423271547
openmm,1.0,stage_out-openmm,1.5,tmpfs,3,tmpfs-tmpfs,6,6.784613297446951,0.028637874175403887,6.755975423271547
openmm,1.0,stage_out-openmm,1.5,tmpfs,6,tmpfs-tmpfs,6,6.787187530569772,0.031212107298225024,6.755975423271547
openmm,1.0,stage_out-openmm,1.5,ssd,3,ssd-ssd,6,7.0030318795625845,0.25787645636532947,6.7451554231972555
openmm,1.0,stage_out-openmm,1.5,ssd,6,ssd-ssd,6,7.248069246759143,0.5029138235618872,6.7451554231972555
openmm,1.0,stage_out-openmm,1.5,ssd,12,ssd-ssd,6,7.333326585737754,0.5881711625404982,6.7451554231972555
openmm,1.0,aggregate,2.0,tmpfs,12,tmpfs,1,0.26967475918083117,0.0205514274656858,0.24912333171514536
openmm,1.0,aggregate,2.0,tmpfs,3,tmpfs,1,0.27776120589054926,0.028637874175403887,0.24912333171514536
openmm,1.0,aggregate,2.0,tmpfs,6,tmpfs,1,0.2803354390133704,0.031212107298225024,0.24912333171514536
openmm,1.0,aggregate,2.0,ssd,3,ssd,1,0.5260819556291868,0.25787645636532947,0.26820549926385734
openmm,1.0,training,2.0,tmpfs,12,tmpfs,1,0.6187390600460033,0.0205514274656858,0.5981876325803175
openmm,1.0,training,2.0,tmpfs,3,tmpfs,1,0.6268255067557214,0.028637874175403887,0.5981876325803175
openmm,1.0,training,2.0,tmpfs,6,tmpfs,1,0.6293997398785425,0.031212107298225024,0.5981876325803175
openmm,1.0,aggregate,2.0,ssd,6,ssd,1,0.7711193228257445,0.5029138235618872,0.26820549926385734
openmm,1.0,aggregate,2.0,ssd,12,ssd,1,0.8563766618043556,0.5881711625404982,0.26820549926385734
openmm,1.0,aggregate,2.0,beegfs,3,beegfs,1,0.8583140893892308,0.11784343201734168,0.7404706573718891
openmm,1.0,aggregate,2.0,beegfs,6,beegfs,1,0.901756292470608,0.16128563509871888,0.7404706573718891
openmm,1.0,training,2.0,ssd,3,ssd,1,0.927167069924014,0.25787645636532947,0.6692906135586846
openmm,1.0,aggregate,2.0,beegfs,12,beegfs,1,0.9296956602221385,0.1892250028502493,0.7404706573718891
openmm,1.0,training,2.0,ssd,6,ssd,1,1.1722044371205718,0.5029138235618872,0.6692906135586846
openmm,1.0,training,2.0,ssd,12,ssd,1,1.2574617760991829,0.5881711625404982,0.6692906135586846
openmm,1.0,training,2.0,beegfs,3,beegfs,1,1.963897783418461,0.11784343201734168,1.8460543514011194
openmm,1.0,training,2.0,beegfs,6,beegfs,1,2.0073399864998382,0.16128563509871888,1.8460543514011194
openmm,1.0,training,2.0,beegfs,12,beegfs,1,2.0352793542513687,0.1892250028502493,1.8460543514011194
openmm,1.0,inference,3.0,tmpfs,12,tmpfs,1,0.23570687861084855,0.0205514274656858,0.21515545114516274
openmm,1.0,inference,3.0,tmpfs,3,tmpfs,1,0.24379332532056663,0.028637874175403887,0.21515545114516274
openmm,1.0,inference,3.0,tmpfs,6,tmpfs,1,0.24636755844338776,0.031212107298225024,0.21515545114516274
openmm,1.0,inference,3.0,ssd,3,ssd,1,0.4884707172245504,0.25787645636532947,0.23059426085922088
openmm,1.0,inference,3.0,ssd,6,ssd,1,0.733508084421108,0.5029138235618872,0.23059426085922088
openmm,1.0,inference,3.0,beegfs,3,beegfs,1,0.7559362555136201,0.11784343201734168,0.6380928234962784
openmm,1.0,inference,3.0,beegfs,6,beegfs,1,0.7993784585949972,0.16128563509871888,0.6380928234962784
openmm,1.0,inference,3.0,ssd,12,ssd,1,0.818765423399719,0.5881711625404982,0.23059426085922088
openmm,1.0,inference,3.0,beegfs,12,beegfs,1,0.8273178263465277,0.1892250028502493,0.6380928234962784
aggregate,2.0,stage_out-aggregate,2.5,tmpfs,1,tmpfs,1,0.24912333171514536,0.24912333171514536,0.0
aggregate,2.0,stage_out-aggregate,2.5,tmpfs,1,tmpfs,3,0.24912333171514536,0.24912333171514536,0.0
aggregate,2.0,stage_out-aggregate,2.5,tmpfs,1,tmpfs,6,0.24912333171514536,0.24912333171514536,0.0
aggregate,2.0,stage_out-aggregate,2.5,tmpfs,1,tmpfs,12,0.24912333171514536,0.24912333171514536,0.0
aggregate,2.0,stage_out-aggregate,2.5,tmpfs,1,tmpfs,13,0.24912333171514536,0.24912333171514536,0.0
aggregate,2.0,stage_out-aggregate,2.5,tmpfs,1,tmpfs,16,0.24912333171514536,0.24912333171514536,0.0
aggregate,2.0,stage_out-aggregate,2.5,tmpfs,1,tmpfs,24,0.24912333171514536,0.24912333171514536,0.0
aggregate,2.0,stage_out-aggregate,2.5,tmpfs,1,tmpfs,34,0.24912333171514536,0.24912333171514536,0.0
aggregate,2.0,stage_out-aggregate,2.5,ssd,1,ssd,1,0.26820549926385734,0.26820549926385734,0.0
aggregate,2.0,stage_out-aggregate,2.5,ssd,1,ssd,3,0.26820549926385734,0.26820549926385734,0.0
aggregate,2.0,stage_out-aggregate,2.5,ssd,1,ssd,6,0.26820549926385734,0.26820549926385734,0.0
aggregate,2.0,stage_out-aggregate,2.5,ssd,1,ssd,12,0.26820549926385734,0.26820549926385734,0.0
aggregate,2.0,stage_out-aggregate,2.5,ssd,1,ssd,13,0.26820549926385734,0.26820549926385734,0.0
aggregate,2.0,stage_out-aggregate,2.5,ssd,1,ssd,16,0.26820549926385734,0.26820549926385734,0.0
aggregate,2.0,stage_out-aggregate,2.5,ssd,1,ssd,24,0.26820549926385734,0.26820549926385734,0.0
aggregate,2.0,stage_out-aggregate,2.5,ssd,1,ssd,34,0.26820549926385734,0.26820549926385734,0.0
aggregate,2.0,stage_out-aggregate,2.5,ssd,1,ssd-beegfs,13,0.35412028237089016,0.26820549926385734,0.08591478310703284
aggregate,2.0,stage_out-aggregate,2.5,tmpfs,1,tmpfs-beegfs,4,0.38144017249331097,0.24912333171514536,0.13231684077816563
aggregate,2.0,stage_out-aggregate,2.5,ssd,1,ssd-beegfs,7,0.5219899311628533,0.26820549926385734,0.2537844318989959
aggregate,2.0,stage_out-aggregate,2.5,tmpfs,1,tmpfs-beegfs,1,0.5703296799867827,0.24912333171514536,0.3212063482716374
aggregate,2.0,stage_out-aggregate,2.5,ssd,1,ssd-beegfs,4,0.5883001451094965,0.26820549926385734,0.32009464584563907
aggregate,2.0,stage_out-aggregate,2.5,beegfs,1,beegfs,1,0.7404706573718891,0.7404706573718891,0.0
aggregate,2.0,stage_out-aggregate,2.5,beegfs,1,beegfs,3,0.7404706573718891,0.7404706573718891,0.0
aggregate,2.0,stage_out-aggregate,2.5,beegfs,1,beegfs,6,0.7404706573718891,0.7404706573718891,0.0
aggregate,2.0,stage_out-aggregate,2.5,beegfs,1,beegfs,12,0.7404706573718891,0.7404706573718891,0.0
aggregate,2.0,stage_out-aggregate,2.5,beegfs,1,beegfs,13,0.7404706573718891,0.7404706573718891,0.0
aggregate,2.0,stage_out-aggregate,2.5,beegfs,1,beegfs,16,0.7404706573718891,0.7404706573718891,0.0
aggregate,2.0,stage_out-aggregate,2.5,beegfs,1,beegfs,24,0.7404706573718891,0.7404706573718891,0.0
aggregate,2.0,stage_out-aggregate,2.5,beegfs,1,beegfs,34,0.7404706573718891,0.7404706573718891,0.0
aggregate,2.0,stage_out-aggregate,2.5,ssd,1,ssd-beegfs,1,0.7621602246488076,0.26820549926385734,0.4939547253849503
aggregate,2.0,stage_out-aggregate,2.5,beegfs,1,beegfs-ssd,13,0.7655207788008626,0.7404706573718891,0.025050121428973476
aggregate,2.0,stage_out-aggregate,2.5,beegfs,1,beegfs-ssd,7,0.8004396372682426,0.7404706573718891,0.05996897989635352
aggregate,2.0,stage_out-aggregate,2.5,beegfs,1,beegfs-ssd,4,0.8597064359955303,0.7404706573718891,0.1192357786236412
aggregate,2.0,stage_out-aggregate,2.5,beegfs,1,beegfs-tmpfs,4,0.8700287609117545,0.7404706573718891,0.12955810353986535
aggregate,2.0,stage_out-aggregate,2.5,tmpfs,1,tmpfs-beegfs,13,0.955683699831776,0.24912333171514536,0.7065603681166307
aggregate,2.0,stage_out-aggregate,2.5,beegfs,1,beegfs-tmpfs,13,0.9699543231793241,0.7404706573718891,0.22948366580743498
aggregate,2.0,stage_out-aggregate,2.5,beegfs,1,beegfs-tmpfs,1,1.074585698731861,0.7404706573718891,0.3341150413599718
aggregate,2.0,stage_out-aggregate,2.5,beegfs,1,beegfs-ssd,1,1.0856042956298635,0.7404706573718891,0.3451336382579744
aggregate,2.0,stage_out-aggregate,2.5,tmpfs,1,tmpfs-tmpfs,13,1.2880229725506898,0.24912333171514536,1.0388996408355444
aggregate,2.0,stage_out-aggregate,2.5,ssd,1,ssd-ssd,13,1.321518293731343,0.26820549926385734,1.0533127944674856
aggregate,2.0,stage_out-aggregate,2.5,beegfs,1,beegfs-tmpfs,7,1.3425258550970969,0.7404706573718891,0.6020551977252078
aggregate,2.0,stage_out-aggregate,2.5,tmpfs,1,tmpfs-beegfs,7,1.4486669625938413,0.24912333171514536,1.199543630878696
training,2.0,stage_out-training,2.5,tmpfs,1,tmpfs,1,1.7202802227345297,1.7202802227345297,0.0
training,2.0,stage_out-training,2.5,tmpfs,1,tmpfs,3,1.7202802227345297,1.7202802227345297,0.0
training,2.0,stage_out-training,2.5,tmpfs,1,tmpfs,6,1.7202802227345297,1.7202802227345297,0.0
training,2.0,stage_out-training,2.5,tmpfs,1,tmpfs,12,1.7202802227345297,1.7202802227345297,0.0
training,2.0,stage_out-training,2.5,tmpfs,1,tmpfs,13,1.7202802227345297,1.7202802227345297,0.0
training,2.0,stage_out-training,2.5,tmpfs,1,tmpfs,16,1.7202802227345297,1.7202802227345297,0.0
training,2.0,stage_out-training,2.5,tmpfs,1,tmpfs,24,1.7202802227345297,1.7202802227345297,0.0
training,2.0,stage_out-training,2.5,tmpfs,1,tmpfs,34,1.7202802227345297,1.7202802227345297,0.0
aggregate,2.0,stage_out-aggregate,2.5,tmpfs,1,tmpfs-tmpfs,7,2.2880803964034646,0.24912333171514536,2.038957064688319
aggregate,2.0,stage_out-aggregate,2.5,ssd,1,ssd-ssd,7,2.308892846219805,0.26820549926385734,2.0406873469559477
aggregate,2.0,stage_out-aggregate,2.5,tmpfs,1,tmpfs-tmpfs,4,4.192444935309067,0.24912333171514536,3.9433216035939216
aggregate,2.0,stage_out-aggregate,2.5,tmpfs,1,tmpfs-tmpfs,1,4.23033208316584,0.24912333171514536,3.9812087514506946
aggregate,2.0,stage_out-aggregate,2.5,ssd,1,ssd-ssd,4,4.23659329815822,0.26820549926385734,3.968387798894363
aggregate,2.0,stage_out-aggregate,2.5,ssd,1,ssd-ssd,1,4.273486570920566,0.26820549926385734,4.005281071656709
training,2.0,stage_out-training,2.5,beegfs,1,beegfs,1,5.247857851757132,5.247857851757132,0.0
training,2.0,stage_out-training,2.5,beegfs,1,beegfs,3,5.247857851757132,5.247857851757132,0.0
training,2.0,stage_out-training,2.5,beegfs,1,beegfs,6,5.247857851757132,5.247857851757132,0.0
training,2.0,stage_out-training,2.5,beegfs,1,beegfs,12,5.247857851757132,5.247857851757132,0.0
training,2.0,stage_out-training,2.5,beegfs,1,beegfs,13,5.247857851757132,5.247857851757132,0.0
training,2.0,stage_out-training,2.5,beegfs,1,beegfs,16,5.247857851757132,5.247857851757132,0.0
training,2.0,stage_out-training,2.5,beegfs,1,beegfs,24,5.247857851757132,5.247857851757132,0.0
training,2.0,stage_out-training,2.5,beegfs,1,beegfs,34,5.247857851757132,5.247857851757132,0.0
training,2.0,stage_out-training,2.5,beegfs,1,beegfs-ssd,24,6.159402184959738,5.247857851757132,0.9115443332026056
training,2.0,stage_out-training,2.5,beegfs,1,beegfs-ssd,34,6.221531633022978,5.247857851757132,0.9736737812658453
training,2.0,stage_out-training,2.5,beegfs,1,beegfs-ssd,17,13.644190313351316,5.247857851757132,8.396332461594184
training,2.0,stage_out-training,2.5,tmpfs,1,tmpfs-beegfs,34,14.314136517486263,1.7202802227345297,12.593856294751733
training,2.0,stage_out-training,2.5,beegfs,1,beegfs-ssd,12,14.529405282497677,5.247857851757132,9.281547430740545
training,2.0,stage_out-training,2.5,ssd,1,ssd,1,14.558710813937653,14.558710813937653,0.0
training,2.0,stage_out-training,2.5,ssd,1,ssd,3,14.558710813937653,14.558710813937653,0.0
training,2.0,stage_out-training,2.5,ssd,1,ssd,6,14.558710813937653,14.558710813937653,0.0
training,2.0,stage_out-training,2.5,ssd,1,ssd,12,14.558710813937653,14.558710813937653,0.0
training,2.0,stage_out-training,2.5,ssd,1,ssd,13,14.558710813937653,14.558710813937653,0.0
training,2.0,stage_out-training,2.5,ssd,1,ssd,16,14.558710813937653,14.558710813937653,0.0
training,2.0,stage_out-training,2.5,ssd,1,ssd,24,14.558710813937653,14.558710813937653,0.0
training,2.0,stage_out-training,2.5,ssd,1,ssd,34,14.558710813937653,14.558710813937653,0.0
training,2.0,stage_out-training,2.5,beegfs,1,beegfs-tmpfs,34,16.451931763649895,5.247857851757132,11.204073911892765
training,2.0,stage_out-training,2.5,ssd,1,ssd-beegfs,34,18.6164496470283,14.558710813937653,4.057738833090648
training,2.0,stage_out-training,2.5,ssd,1,ssd-beegfs,24,18.659295637201254,14.558710813937653,4.1005848232636
training,2.0,stage_out-training,2.5,tmpfs,1,tmpfs-beegfs,24,19.641108985206017,1.7202802227345297,17.920828762471487
training,2.0,stage_out-training,2.5,beegfs,1,beegfs-tmpfs,24,20.938039097779487,5.247857851757132,15.690181246022357
training,2.0,stage_out-training,2.5,beegfs,1,beegfs-ssd,9,22.003143969266304,5.247857851757132,16.755286117509172
training,2.0,stage_out-training,2.5,tmpfs,1,tmpfs-beegfs,9,24.4192357237145,1.7202802227345297,22.69895550097997
training,2.0,stage_out-training,2.5,beegfs,1,beegfs-ssd,6,24.937068070750623,5.247857851757132,19.68921021899349
training,2.0,stage_out-training,2.5,tmpfs,1,tmpfs-beegfs,6,25.623006027303383,1.7202802227345297,23.902725804568853
training,2.0,stage_out-training,2.5,beegfs,1,beegfs-tmpfs,9,30.639698693701465,5.247857851757132,25.391840841944333
training,2.0,stage_out-training,2.5,beegfs,1,beegfs-tmpfs,6,34.508691477249016,5.247857851757132,29.26083362549188
training,2.0,stage_out-training,2.5,tmpfs,1,tmpfs-tmpfs,24,44.237335527898516,1.7202802227345297,42.517055305163986
training,2.0,stage_out-training,2.5,tmpfs,1,tmpfs-tmpfs,34,45.8791734340467,1.7202802227345297,44.15889321131217
training,2.0,stage_out-training,2.5,ssd,1,ssd-beegfs,12,54.21202553214748,14.558710813937653,39.65331471820983
training,2.0,stage_out-training,2.5,ssd,1,ssd-beegfs,17,55.5338693710653,14.558710813937653,40.97515855712765
training,2.0,stage_out-training,2.5,ssd,1,ssd-ssd,24,56.629385589674165,14.558710813937653,42.070674775736514
training,2.0,stage_out-training,2.5,ssd,1,ssd-ssd,34,57.65172872343758,14.558710813937653,43.09301790949993
training,2.0,stage_out-training,2.5,beegfs,1,beegfs-tmpfs,17,73.88622541774562,5.247857851757132,68.63836756598849
training,2.0,stage_out-training,2.5,tmpfs,1,tmpfs-beegfs,17,76.57943475292139,1.7202802227345297,74.85915453018686
training,2.0,stage_out-training,2.5,tmpfs,1,tmpfs-tmpfs,12,77.36517267395709,1.7202802227345297,75.64489245122256
training,2.0,stage_out-training,2.5,tmpfs,1,tmpfs-tmpfs,17,79.08338005315966,1.7202802227345297,77.36309983042513
training,2.0,stage_out-training,2.5,ssd,1,ssd-beegfs,9,84.78912492157936,14.558710813937653,70.2304141076417
training,2.0,stage_out-training,2.5,ssd,1,ssd-beegfs,6,85.55912294826473,14.558710813937653,71.00041213432708
training,2.0,stage_out-training,2.5,ssd,1,ssd-ssd,12,90.62418742804425,14.558710813937653,76.0654766141066
training,2.0,stage_out-training,2.5,ssd,1,ssd-ssd,17,91.22723908979862,14.558710813937653,76.66852827586096
training,2.0,stage_out-training,2.5,tmpfs,1,tmpfs-beegfs,12,111.51511996570933,1.7202802227345297,109.7948397429748
training,2.0,stage_out-training,2.5,beegfs,1,beegfs-tmpfs,12,120.66297691665079,5.247857851757132,115.41511906489366
training,2.0,stage_out-training,2.5,tmpfs,1,tmpfs-tmpfs,6,151.88972327161414,1.7202802227345297,150.16944304887963
training,2.0,stage_out-training,2.5,tmpfs,1,tmpfs-tmpfs,9,152.69448783844027,1.7202802227345297,150.97420761570575
training,2.0,stage_out-training,2.5,ssd,1,ssd-ssd,6,164.0912327062811,14.558710813937653,149.53252189234342
training,2.0,stage_out-training,2.5,ssd,1,ssd-ssd,9,164.98063074572744,14.558710813937653,150.42191993178977
stage_in-inference,2.5,inference,3.0,tmpfs,1,tmpfs,1,0.21515545114516274,0.0,0.21515545114516274
stage_in-inference,2.5,inference,3.0,tmpfs,3,tmpfs,1,0.21515545114516274,0.0,0.21515545114516274
stage_in-inference,2.5,inference,3.0,tmpfs,6,tmpfs,1,0.21515545114516274,0.0,0.21515545114516274
stage_in-inference,2.5,inference,3.0,tmpfs,12,tmpfs,1,0.21515545114516274,0.0,0.21515545114516274
stage_in-inference,2.5,inference,3.0,tmpfs,13,tmpfs,1,0.21515545114516274,0.0,0.21515545114516274
stage_in-inference,2.5,inference,3.0,tmpfs,16,tmpfs,1,0.21515545114516274,0.0,0.21515545114516274
stage_in-inference,2.5,inference,3.0,tmpfs,24,tmpfs,1,0.21515545114516274,0.0,0.21515545114516274
stage_in-inference,2.5,inference,3.0,tmpfs,34,tmpfs,1,0.21515545114516274,0.0,0.21515545114516274
stage_in-inference,2.5,inference,3.0,ssd,1,ssd,1,0.23059426085922088,0.0,0.23059426085922088
stage_in-inference,2.5,inference,3.0,ssd,3,ssd,1,0.23059426085922088,0.0,0.23059426085922088
stage_in-inference,2.5,inference,3.0,ssd,6,ssd,1,0.23059426085922088,0.0,0.23059426085922088
stage_in-inference,2.5,inference,3.0,ssd,12,ssd,1,0.23059426085922088,0.0,0.23059426085922088
stage_in-inference,2.5,inference,3.0,ssd,13,ssd,1,0.23059426085922088,0.0,0.23059426085922088
stage_in-inference,2.5,inference,3.0,ssd,16,ssd,1,0.23059426085922088,0.0,0.23059426085922088
stage_in-inference,2.5,inference,3.0,ssd,24,ssd,1,0.23059426085922088,0.0,0.23059426085922088
stage_in-inference,2.5,inference,3.0,ssd,34,ssd,1,0.23059426085922088,0.0,0.23059426085922088
stage_in-inference,2.5,inference,3.0,beegfs-ssd,13,ssd,1,0.2517893548636938,0.02119509400447294,0.23059426085922088
stage_in-inference,2.5,inference,3.0,beegfs-ssd,7,ssd,1,0.2813344606566335,0.050740199797412594,0.23059426085922088
stage_in-inference,2.5,inference,3.0,beegfs-tmpfs,4,tmpfs,1,0.3240295903168644,0.10887413917170165,0.21515545114516274
stage_in-inference,2.5,inference,3.0,beegfs-ssd,4,ssd,1,0.33148053974574054,0.10088627888651966,0.23059426085922088
stage_in-inference,2.5,inference,3.0,beegfs-tmpfs,13,tmpfs,1,0.4093232871403176,0.19416783599515489,0.21515545114516274
stage_in-inference,2.5,inference,3.0,beegfs,1,beegfs,1,0.6380928234962784,0.0,0.6380928234962784
stage_in-inference,2.5,inference,3.0,beegfs,3,beegfs,1,0.6380928234962784,0.0,0.6380928234962784
stage_in-inference,2.5,inference,3.0,beegfs,6,beegfs,1,0.6380928234962784,0.0,0.6380928234962784
stage_in-inference,2.5,inference,3.0,beegfs,12,beegfs,1,0.6380928234962784,0.0,0.6380928234962784
stage_in-inference,2.5,inference,3.0,beegfs,13,beegfs,1,0.6380928234962784,0.0,0.6380928234962784
stage_in-inference,2.5,inference,3.0,beegfs,16,beegfs,1,0.6380928234962784,0.0,0.6380928234962784
stage_in-inference,2.5,inference,3.0,beegfs,24,beegfs,1,0.6380928234962784,0.0,0.6380928234962784
stage_in-inference,2.5,inference,3.0,beegfs,34,beegfs,1,0.6380928234962784,0.0,0.6380928234962784
stage_in-inference,2.5,inference,3.0,ssd-beegfs,13,beegfs,1,0.710785960313623,0.0726931368173446,0.6380928234962784
stage_in-inference,2.5,inference,3.0,beegfs-tmpfs,7,tmpfs,1,0.7245588305997683,0.5094033794546056,0.21515545114516274
stage_in-inference,2.5,inference,3.0,tmpfs-beegfs,4,beegfs,1,0.7493254140039378,0.11123259050765946,0.6380928234962784
stage_in-inference,2.5,inference,3.0,ssd-beegfs,7,beegfs,1,0.8528217183729929,0.21472889487671454,0.6380928234962784
stage_in-inference,2.5,inference,3.0,ssd-beegfs,4,beegfs,1,0.9089272834514217,0.2708344599551433,0.6380928234962784
stage_in-inference,2.5,inference,3.0,tmpfs-tmpfs,13,tmpfs,1,1.0943171590942418,0.879161707949079,0.21515545114516274
stage_in-inference,2.5,inference,3.0,ssd-ssd,13,ssd,1,1.1219780357231328,0.8913837748639118,0.23059426085922088
stage_in-inference,2.5,inference,3.0,tmpfs-beegfs,13,beegfs,1,1.2359188046807805,0.5978259811845023,0.6380928234962784
stage_in-inference,2.5,inference,3.0,tmpfs-beegfs,7,beegfs,1,1.6530356089445888,1.0149427854483104,0.6380928234962784
stage_in-inference,2.5,inference,3.0,tmpfs-tmpfs,7,tmpfs,1,1.9403321845069728,1.72517673336181,0.21515545114516274
stage_in-inference,2.5,inference,3.0,ssd-ssd,7,ssd,1,1.957234998913409,1.7266407380541882,0.23059426085922088
stage_in-inference,2.5,inference,3.0,tmpfs-tmpfs,4,tmpfs,1,3.5516291810238894,3.3364737298787266,0.21515545114516274
stage_in-inference,2.5,inference,3.0,ssd-ssd,4,ssd,1,3.5882766849645886,3.3576824241053678,0.23059426085922088
inference,3.0,stage_out-inference,3.5,tmpfs,1,tmpfs,1,0.21515545114516274,0.21515545114516274,0.0
inference,3.0,stage_out-inference,3.5,tmpfs,1,tmpfs,3,0.21515545114516274,0.21515545114516274,0.0
inference,3.0,stage_out-inference,3.5,tmpfs,1,tmpfs,6,0.21515545114516274,0.21515545114516274,0.0
inference,3.0,stage_out-inference,3.5,tmpfs,1,tmpfs,12,0.21515545114516274,0.21515545114516274,0.0
inference,3.0,stage_out-inference,3.5,tmpfs,1,tmpfs,13,0.21515545114516274,0.21515545114516274,0.0
inference,3.0,stage_out-inference,3.5,tmpfs,1,tmpfs,16,0.21515545114516274,0.21515545114516274,0.0
inference,3.0,stage_out-inference,3.5,tmpfs,1,tmpfs,24,0.21515545114516274,0.21515545114516274,0.0
inference,3.0,stage_out-inference,3.5,tmpfs,1,tmpfs,34,0.21515545114516274,0.21515545114516274,0.0
inference,3.0,stage_out-inference,3.5,ssd,1,ssd,1,0.23059426085922088,0.23059426085922088,0.0
inference,3.0,stage_out-inference,3.5,ssd,1,ssd,3,0.23059426085922088,0.23059426085922088,0.0
inference,3.0,stage_out-inference,3.5,ssd,1,ssd,6,0.23059426085922088,0.23059426085922088,0.0
inference,3.0,stage_out-inference,3.5,ssd,1,ssd,12,0.23059426085922088,0.23059426085922088,0.0
inference,3.0,stage_out-inference,3.5,ssd,1,ssd,13,0.23059426085922088,0.23059426085922088,0.0
inference,3.0,stage_out-inference,3.5,ssd,1,ssd,16,0.23059426085922088,0.23059426085922088,0.0
inference,3.0,stage_out-inference,3.5,ssd,1,ssd,24,0.23059426085922088,0.23059426085922088,0.0
inference,3.0,stage_out-inference,3.5,ssd,1,ssd,34,0.23059426085922088,0.23059426085922088,0.0
inference,3.0,stage_out-inference,3.5,ssd,1,ssd-beegfs,13,0.3032873976765655,0.23059426085922088,0.0726931368173446
inference,3.0,stage_out-inference,3.5,tmpfs,1,tmpfs-beegfs,4,0.3263880416528222,0.21515545114516274,0.11123259050765946
inference,3.0,stage_out-inference,3.5,ssd,1,ssd-beegfs,7,0.4453231557359354,0.23059426085922088,0.21472889487671454
inference,3.0,stage_out-inference,3.5,tmpfs,1,tmpfs-beegfs,1,0.4869305307891504,0.21515545114516274,0.27177507964398767
inference,3.0,stage_out-inference,3.5,ssd,1,ssd-beegfs,4,0.5014287208143642,0.23059426085922088,0.2708344599551433
inference,3.0,stage_out-inference,3.5,beegfs,1,beegfs,1,0.6380928234962784,0.6380928234962784,0.0
inference,3.0,stage_out-inference,3.5,beegfs,1,beegfs,3,0.6380928234962784,0.6380928234962784,0.0
inference,3.0,stage_out-inference,3.5,beegfs,1,beegfs,6,0.6380928234962784,0.6380928234962784,0.0
inference,3.0,stage_out-inference,3.5,beegfs,1,beegfs,12,0.6380928234962784,0.6380928234962784,0.0
inference,3.0,stage_out-inference,3.5,beegfs,1,beegfs,13,0.6380928234962784,0.6380928234962784,0.0
inference,3.0,stage_out-inference,3.5,beegfs,1,beegfs,16,0.6380928234962784,0.6380928234962784,0.0
inference,3.0,stage_out-inference,3.5,beegfs,1,beegfs,24,0.6380928234962784,0.6380928234962784,0.0
inference,3.0,stage_out-inference,3.5,beegfs,1,beegfs,34,0.6380928234962784,0.6380928234962784,0.0
inference,3.0,stage_out-inference,3.5,ssd,1,ssd-beegfs,1,0.6485330268716881,0.23059426085922088,0.41793876601246727
inference,3.0,stage_out-inference,3.5,beegfs,1,beegfs-ssd,13,0.6592879175007513,0.6380928234962784,0.02119509400447294
inference,3.0,stage_out-inference,3.5,beegfs,1,beegfs-ssd,7,0.688833023293691,0.6380928234962784,0.050740199797412594
inference,3.0,stage_out-inference,3.5,beegfs,1,beegfs-ssd,4,0.7389791023827981,0.6380928234962784,0.10088627888651966
inference,3.0,stage_out-inference,3.5,beegfs,1,beegfs-tmpfs,4,0.74696696266798,0.6380928234962784,0.10887413917170165
inference,3.0,stage_out-inference,3.5,tmpfs,1,tmpfs-beegfs,13,0.812981432329665,0.21515545114516274,0.5978259811845023
inference,3.0,stage_out-inference,3.5,beegfs,1,beegfs-tmpfs,13,0.8322606594914332,0.6380928234962784,0.19416783599515489
inference,3.0,stage_out-inference,3.5,beegfs,1,beegfs-tmpfs,1,0.9207900443465632,0.6380928234962784,0.2826972208502848
inference,3.0,stage_out-inference,3.5,beegfs,1,beegfs-ssd,1,0.9301129611121659,0.6380928234962784,0.29202013761588747
inference,3.0,stage_out-inference,3.5,tmpfs,1,tmpfs-tmpfs,13,1.0943171590942418,0.21515545114516274,0.879161707949079
inference,3.0,stage_out-inference,3.5,ssd,1,ssd-ssd,13,1.1219780357231328,0.23059426085922088,0.8913837748639118
inference,3.0,stage_out-inference,3.5,beegfs,1,beegfs-tmpfs,7,1.147496202950884,0.6380928234962784,0.5094033794546056
inference,3.0,stage_out-inference,3.5,tmpfs,1,tmpfs-beegfs,7,1.2300982365934732,0.21515545114516274,1.0149427854483104
inference,3.0,stage_out-inference,3.5,tmpfs,1,tmpfs-tmpfs,7,1.9403321845069728,0.21515545114516274,1.72517673336181
inference,3.0,stage_out-inference,3.5,ssd,1,ssd-ssd,7,1.957234998913409,0.23059426085922088,1.7266407380541882
inference,3.0,stage_out-inference,3.5,tmpfs,1,tmpfs-tmpfs,4,3.5516291810238894,0.21515545114516274,3.3364737298787266
inference,3.0,stage_out-inference,3.5,tmpfs,1,tmpfs-tmpfs,1,3.583685778540294,0.21515545114516274,3.3685303273951313
inference,3.0,stage_out-inference,3.5,ssd,1,ssd-ssd,4,3.5882766849645886,0.23059426085922088,3.3576824241053678
inference,3.0,stage_out-inference,3.5,ssd,1,ssd-ssd,1,3.619492357373512,0.23059426085922088,3.388898096514291
